entry,name,size,reasons
00054548,FUN_00054548,76,"caller_of:000a6560"
00055600,FUN_00055600,68,"callee_of:0005ffcc"
0005bd1a,FUN_0005bd1a,668,"ldstr:[SS_SWC] cal_veh_initiated_local_infotainment_ti"
0005fc5c,FUN_0005fc5c,86,"callee_of:0005ffcc"
0005fe3c,FUN_0005fe3c,66,"callee_of:0005ffcc"
0005ff08,FUN_0005ff08,196,"callee_of:0005ffcc"
0005ffcc,FUN_0005ffcc,1002,"ldstr:[SS_SWC] cal_master_offmode_active_timeout_min ("
000653e6,FUN_000653e6,458,"ldstr:[SS_SWC] cal_user_initiated_local_infotainment_t | str:[SS_SWC] cal_user_initiated_local_infotainment_t"
000673aa,FUN_000673aa,162,"callee_of:0005ffcc"
0007d068,FUN_0007d068,144,"caller_of:0008b836"
000840ac,FUN_000840ac,88,"callee_of:0005ffcc"
00084104,FUN_00084104,88,"callee_of:0005ffcc"
00086ae4,FUN_00086ae4,11678,"ldstr:[SS_SWC] cal_startup_delay_wait_timeout_msec (%d | ldstr:[SS_SWC] cal_user_initiated_local_infotainment_t | ldstr:[SS_SWC] cal_veh_initiated_local_infotainment_ti"
0008b836,FUN_0008b836,48,"ldstr:[SS_SWC] cal_user_initiated_local_infotainment_t"
0008c8c4,FUN_0008c8c4,32,"callee_of:000a6560"
0008cab6,FUN_0008cab6,12,"callee_of:000aa0a8"
0008d202,FUN_0008d202,4,"callee_of:000b7c8e"
0008d20a,FUN_0008d20a,4,"callee_of:000b7c8e"
0008d212,FUN_0008d212,4,"callee_of:000b7c8e"
0008d234,FUN_0008d234,4,"callee_of:000b7c8e"
0008d23c,FUN_0008d23c,4,"callee_of:000b7c8e"
0008d244,FUN_0008d244,4,"callee_of:000b7c8e"
0008d254,FUN_0008d254,4,"callee_of:000b7c8e"
0008d276,FUN_0008d276,4,"callee_of:000b7c8e"
0008d282,FUN_0008d282,4,"callee_of:000b7c8e"
0008d2a4,FUN_0008d2a4,4,"callee_of:000b7c8e"
0008d2ac,FUN_0008d2ac,4,"callee_of:000b7c8e"
0008d2b4,FUN_0008d2b4,4,"callee_of:000b7c8e"
0008d2bc,FUN_0008d2bc,4,"callee_of:000b7c8e"
0008d2c4,FUN_0008d2c4,4,"callee_of:000b7c8e"
0008d32c,FUN_0008d32c,4,"callee_of:000b7c8e"
0008d3c0,FUN_0008d3c0,4,"callee_of:000b7c8e"
0008d3e2,FUN_0008d3e2,4,"callee_of:000b7c8e"
0008d3ea,FUN_0008d3ea,4,"callee_of:000b7c8e"
0008d3f2,FUN_0008d3f2,4,"callee_of:000b7c8e"
0008d416,FUN_0008d416,4,"callee_of:000b7c8e"
0008d43a,FUN_0008d43a,4,"callee_of:000b7c8e"
0008d496,FUN_0008d496,4,"callee_of:000b7c8e"
0008d49e,FUN_0008d49e,4,"callee_of:000b7c8e"
0008d4aa,FUN_0008d4aa,4,"callee_of:000b7c8e"
0008d4b2,FUN_0008d4b2,4,"callee_of:000b7c8e"
0008d4ba,FUN_0008d4ba,4,"callee_of:000b7c8e"
0008d4c2,FUN_0008d4c2,4,"callee_of:000b7c8e"
0008d4ca,FUN_0008d4ca,4,"callee_of:000b7c8e"
0008d4d2,FUN_0008d4d2,4,"callee_of:000b7c8e"
0008d4da,FUN_0008d4da,4,"callee_of:000b7c8e"
0008d4fc,FUN_0008d4fc,4,"callee_of:000b7c8e"
0008d504,FUN_0008d504,4,"callee_of:000b7c8e"
0008d50c,FUN_0008d50c,4,"callee_of:000b7c8e"
0008d52e,FUN_0008d52e,4,"callee_of:000b7c8e"
0008d536,FUN_0008d536,4,"callee_of:000b7c8e"
0008d53e,FUN_0008d53e,4,"callee_of:000b7c8e"
0008d546,FUN_0008d546,4,"callee_of:000b7c8e"
0008d54e,FUN_0008d54e,4,"callee_of:000b7c8e"
0008d79a,FUN_0008d79a,4,"callee_of:000b7c8e"
0008d7c2,FUN_0008d7c2,4,"callee_of:000b7c8e"
0008d7ca,FUN_0008d7ca,4,"callee_of:000b7c8e"
0008d7d2,FUN_0008d7d2,4,"callee_of:000b7c8e"
0008d7da,FUN_0008d7da,4,"callee_of:000b7c8e"
0008d7e2,FUN_0008d7e2,4,"callee_of:000b7c8e"
0008d7f2,FUN_0008d7f2,4,"callee_of:000b7c8e"
0008d814,FUN_0008d814,4,"callee_of:000b7c8e"
0008d844,FUN_0008d844,4,"callee_of:000b7c8e"
0008d84c,FUN_0008d84c,4,"callee_of:000b7c8e"
0008d854,FUN_0008d854,4,"callee_of:000b7c8e"
0008d876,FUN_0008d876,4,"callee_of:000b7c8e"
0008d87e,FUN_0008d87e,4,"callee_of:000b7c8e"
0008d886,FUN_0008d886,4,"callee_of:000b7c8e"
0008d88e,FUN_0008d88e,4,"callee_of:000b7c8e"
0008d896,FUN_0008d896,4,"callee_of:000b7c8e"
0008d8b8,FUN_0008d8b8,4,"callee_of:000b7c8e"
0008d8c0,FUN_0008d8c0,4,"callee_of:000b7c8e"
0008d8c8,FUN_0008d8c8,4,"callee_of:000b7c8e"
0008d8d0,FUN_0008d8d0,4,"callee_of:000b7c8e"
0008db7e,FUN_0008db7e,30,"callee_of:0005ffcc"
0008e298,FUN_0008e298,16,"ldstr:[SS_SWC] cal_user_initiated_local_infotainment_t"
0008f128,FUN_0008f128,16,"callee_of:000aa0a8"
0008fa54,FUN_0008fa54,54,"ldstr:[SS_SWC] cal_user_initiated_local_infotainment_t"
00095958,FUN_00095958,16,"callee_of:0005ffcc"
00095a44,FUN_00095a44,74,"callee_of:0005ffcc"
00095a8e,FUN_00095a8e,16,"callee_of:0005ffcc"
0009746e,FUN_0009746e,32,"callee_of:000aa0a8"
0009748e,FUN_0009748e,32,"callee_of:000aa0a8"
000974ae,FUN_000974ae,44,"callee_of:000aa0a8"
000974da,FUN_000974da,26,"callee_of:000aa0a8"
0009883c,FUN_0009883c,316,"caller_of:000aa0a8 | caller_of:000b7c8e"
0009f5ca,FUN_0009f5ca,26,"callee_of:00086ae4"
0009f5e4,FUN_0009f5e4,250,"callee_of:00086ae4"
0009f6de,FUN_0009f6de,18,"callee_of:00086ae4"
0009fb68,FUN_0009fb68,12,"caller_of:00086ae4"
000a6560,FUN_000a6560,192,"ldstr:[SS_SWC] cal_startup_fault_timeout_sec (%d) read"
000a9282,FUN_000a9282,3198,"ldstr:[SS_SWC] cal_startup_delay_wait_timeout_msec (%d"
000aa03a,FUN_000aa03a,110,"callee_of:000aa0a8"
000aa0a8,FUN_000aa0a8,1502,"ldstr:[SS_SWC] cal_startup_delay_wait_timeout_msec (%d"
000aac1e,FUN_000aac1e,30,"ldstr:[SS_SWC] cal_startup_delay_wait_timeout_msec (%d"
000aad1e,FUN_000aad1e,28,"ldstr:[SS_SWC] cal_startup_delay_wait_timeout_msec (%d"
000ac32a,FUN_000ac32a,848,"ldstr:[SS_SWC] cal_startup_delay_wait_timeout_msec (%d"
000ada1c,FUN_000ada1c,2390,"callee_of:0005ffcc"
000ae378,FUN_000ae378,52,"callee_of:0005ffcc"
000af112,FUN_000af112,380,"ldstr:[SS_SWC] cal_startup_fault_timeout_sec (%d) read"
000afc6a,FUN_000afc6a,420,"caller_of:0008fa54"
000b7ade,FUN_000b7ade,54,"callee_of:000b7c8e"
000b7b14,FUN_000b7b14,16,"callee_of:000b7c8e"
000b7bae,FUN_000b7bae,16,"callee_of:000b7c8e"
000b7c48,FUN_000b7c48,70,"callee_of:000b7c8e"
000b7c8e,FUN_000b7c8e,2664,"ldstr:[SS_SWC] cal_local_valet_timeout_sec (%d) read e"
000c099c,FUN_000c099c,106,"ldstr:[SS_SWC] cal_local_valet_timeout_sec (%d) read o"
000d5580,FUN_000d5580,62,"callee_of:0005ffcc"
000e06be,FUN_000e06be,50,"ldstr:[SS_SWC] cal_offmode_active_timeout_sec (%d) rea"
000e1206,FUN_000e1206,70,"caller_of:000e06be"
000e86a6,FUN_000e86a6,50,"callee_of:000aa0a8"
000ec8dc,thunk_FUN_000ee012,4,"callee_of:0008b836 | callee_of:0008fa54"
000ec8e8,thunk_FUN_000ee032,4,"callee_of:0008b836 | callee_of:0008fa54"
000ecd84,FUN_000ecd84,40,"callee_of:000a6560"
000ecdac,FUN_000ecdac,40,"callee_of:000a6560"
